,rsp_id,country,hh_size,remittances_yn,remesa_efectivo_uso_pct/2,exp_6months_health_USD,govt_ngo_help,health_top_priority
0,4998,SLV,3,0,,200.0,0,1
1,4997,SLV,3,1,20.0,50.0,0,0
2,4996,SLV,4,0,,100.0,0,0
5,4993,SLV,4,1,,100.0,0,0
6,4992,SLV,1,1,,120.0,0,1
10,4988,SLV,3,0,,100.0,0,0
13,4985,SLV,5,1,,300.0,0,1
14,4984,SLV,2,0,,200.0,0,1
19,4979,SLV,0,1,,4.0,0,0
20,4978,SLV,7,0,,15.0,0,0
22,4976,SLV,5,0,,60.0,0,1
23,4975,SLV,4,1,,80.0,0,0
24,4974,SLV,4,0,,100.0,0,0
27,4971,SLV,6,1,40.0,200.0,0,0
28,4970,SLV,1,0,,20.0,0,0
29,4969,SLV,5,1,,400.0,0,0
30,4968,SLV,4,0,,25.0,0,0
31,4967,SLV,4,1,30.0,70.0,0,0
32,4966,SLV,5,1,,300.0,0,0
33,4965,SLV,4,1,100.0,100.0,0,0
35,4963,SLV,3,0,,600.0,0,0
38,4960,SLV,3,0,,30.0,0,0
39,4959,SLV,2,1,20.0,60.0,0,0
41,4957,SLV,3,0,,50.0,1,0
42,4956,SLV,3,0,,150.0,0,0
43,4955,SLV,1,1,50.0,30.0,0,0
44,4954,SLV,4,0,,25.0,0,0
47,4951,SLV,2,1,20.0,50.0,0,0
48,4950,SLV,3,1,20.0,30.0,0,0
49,4949,SLV,4,0,,10.0,0,0
50,4948,SLV,1,0,,100.0,1,0
51,4947,SLV,5,0,,25.0,0,0
53,4945,SLV,2,1,10.0,10.0,0,0
54,4944,SLV,3,0,,50.0,0,1
55,4943,SLV,6,0,,300.0,0,0
56,4942,SLV,3,1,,15.0,0,0
57,4941,SLV,5,0,,60.0,0,0
59,4939,SLV,7,1,35.0,50.0,0,0
60,4938,SLV,7,0,,210.0,0,0
63,4935,SLV,6,0,,300.0,0,1
65,4933,SLV,5,0,,15.0,0,0
66,4932,SLV,5,0,,30.0,0,0
68,4930,SLV,5,0,,150.0,0,0
73,4925,SLV,4,1,,100.0,0,0
74,4924,SLV,5,0,,900.0,0,0
76,4922,SLV,2,0,,200.0,0,0
77,4921,SLV,2,0,,40.0,1,0
79,4919,SLV,5,0,,600.0,0,0
80,4918,SLV,3,0,,100.0,0,1
82,4916,SLV,4,1,,70.0,0,0
84,4914,SLV,5,1,,100.0,0,0
85,4913,SLV,1,1,,240.0,0,1
88,4910,SLV,4,0,,20.0,0,0
89,4909,SLV,4,1,,200.0,0,0
90,4908,SLV,5,1,,200.0,0,0
91,4907,SLV,2,1,40.0,6.0,0,0
92,4906,SLV,3,0,,50.0,0,1
93,4905,SLV,3,1,,60.0,0,0
95,4903,SLV,4,1,,30.0,0,0
97,4901,SLV,2,0,,300.0,0,0
98,4900,SLV,2,1,100.0,800.0,0,0
99,4899,SLV,5,0,,75.0,0,0
100,4898,SLV,2,1,50.0,300.0,0,0
102,4896,SLV,5,0,,150.0,0,0
103,4895,SLV,3,0,,50.0,0,0
104,4894,SLV,5,1,25.0,700.0,0,0
106,4892,SLV,3,1,,300.0,0,0
108,4890,SLV,5,0,,500.0,0,0
110,4888,SLV,5,0,,400.0,0,0
111,4887,SLV,4,0,,300.0,0,1
112,4886,SLV,5,0,,400.0,0,0
113,4885,SLV,4,0,,100.0,0,0
114,4884,SLV,5,1,,210.0,0,0
115,4883,SLV,1,1,,20.0,0,0
117,4881,SLV,5,1,,430.0,0,0
119,4879,SLV,6,1,25.0,35.0,0,0
120,4878,SLV,4,0,,150.0,0,0
122,4876,SLV,4,1,10.0,500.0,1,0
124,4874,SLV,4,0,,480.0,0,0
128,4870,SLV,6,0,,300.0,1,1
129,4869,SLV,5,0,,800.0,0,0
130,4868,SLV,5,0,,350.0,0,0
131,4867,SLV,3,1,,200.0,0,0
132,4866,SLV,6,1,100.0,600.0,0,1
133,4865,SLV,5,0,,150.0,0,0
134,4864,SLV,7,1,,900.0,0,0
135,4863,SLV,2,0,,300.0,0,1
138,4860,SLV,3,1,,100.0,0,0
139,4859,SLV,4,0,,500.0,0,0
140,4858,SLV,5,0,,70.0,0,0
141,4857,SLV,2,0,,250.0,0,0
144,4854,SLV,3,1,,200.0,0,0
150,4848,SLV,9,0,,250.0,0,0
151,4847,SLV,4,0,,25.0,0,0
152,4846,SLV,3,0,,20.0,0,0
153,4845,SLV,7,0,,900.0,0,1
154,4844,SLV,6,0,,200.0,0,1
155,4843,SLV,4,0,,50.0,0,1
156,4842,SLV,4,0,,50.0,0,1
160,4838,SLV,7,0,,4.0,0,0
166,4832,SLV,5,0,,50.0,0,0
167,4831,SLV,5,0,,20.0,0,0
168,4830,SLV,4,0,,80.0,0,0
184,4814,SLV,5,0,,400.0,0,0
188,4810,SLV,6,0,,200.0,0,1
190,4808,SLV,3,1,,200.0,0,0
192,4806,SLV,5,0,,300.0,0,1
195,4803,SLV,2,1,50.0,60.0,0,0
197,4801,SLV,4,0,,30.0,0,0
198,4800,SLV,6,0,,1000.0,0,1
200,4798,SLV,2,1,60.0,200.0,0,1
201,4797,SLV,3,1,20.0,300.0,0,1
205,4793,SLV,6,0,,180.0,0,0
207,4791,SLV,4,1,,40.0,0,0
209,4789,SLV,3,0,,240.0,0,0
210,4788,SLV,2,0,,110.0,0,0
212,4786,SLV,5,1,25.0,1500.0,0,0
213,4785,SLV,3,0,,500.0,0,0
214,4784,SLV,3,1,25.0,160.0,0,1
215,4783,SLV,2,1,,52.0,0,0
216,4782,SLV,2,1,,1200.0,0,1
217,4781,SLV,5,1,50.0,50.0,0,0
219,4779,SLV,3,1,,100.0,0,0
220,4778,SLV,1,0,,1.014,0,0
221,4777,SLV,3,1,50.0,400.0,0,0
222,4776,SLV,3,0,,50.0,0,0
223,4775,SLV,4,0,,18.0,0,0
225,4773,SLV,6,1,70.0,100.0,0,1
226,4772,SLV,4,0,,8.0,0,0
227,4771,SLV,4,0,,48.0,0,0
228,4770,SLV,5,0,,100.0,0,0
229,4769,SLV,0,0,,0.3362,0,1
230,4768,SLV,7,0,,40.0,0,1
231,4767,SLV,1,0,,1200.0,0,1
232,4766,SLV,3,0,,200.0,0,0
233,4765,SLV,2,0,,50.0,0,0
234,4764,SLV,1,0,,100.0,0,0
237,4761,SLV,5,0,,90.0,1,1
238,4760,SLV,3,0,,1500.0,0,0
239,4759,SLV,7,0,,60.0,1,1
247,4751,SLV,8,1,30.0,70.0,0,0
254,4744,SLV,3,0,,150.0,0,1
255,4743,SLV,3,1,50.0,100.0,0,0
256,4742,SLV,4,0,,75.0,0,0
257,4741,SLV,2,99,,250.0,0,0
258,4740,SLV,3,1,,25.0,0,0
259,4739,SLV,2,0,,40.0,0,0
261,4737,SLV,7,0,,4.0,0,1
263,4735,SLV,4,0,,300.0,0,0
265,4733,SLV,4,0,,20.0,0,0
266,4732,SLV,1,0,,100.0,0,0
267,4731,SLV,3,0,,80.0,0,1
273,4725,SLV,4,1,50.0,300.0,0,0
274,4724,SLV,3,0,,400.0,0,0
275,4723,SLV,5,1,10.0,10.0,0,0
277,4721,SLV,3,0,,80.0,0,1
278,4720,SLV,5,1,25.0,150.0,0,1
279,4719,SLV,5,1,,40.0,0,0
280,4718,SLV,4,1,,30.0,0,0
292,4706,SLV,5,1,50.0,50.0,0,0
293,4705,SLV,3,0,,180.0,0,0
299,4699,SLV,13,1,70.0,1200.0,0,1
302,4696,SLV,6,1,,25.0,0,0
370,4628,SLV,4,1,,4000.0,0,0
371,4627,SLV,4,0,,6.0,0,0
373,4625,SLV,5,1,,150.0,0,0
375,4623,SLV,4,0,,300.0,0,0
376,4622,SLV,2,0,,30.0,0,0
377,4621,SLV,4,0,,60.0,0,0
378,4620,SLV,5,0,,40.0,0,0
379,4619,SLV,5,0,,100.0,0,1
380,4618,SLV,6,0,,300.0,0,1
381,4617,SLV,3,0,,50.0,0,1
383,4615,SLV,2,0,,200.0,0,0
384,4614,SLV,5,1,,150.0,0,1
385,4613,SLV,7,0,,150.0,0,1
386,4612,SLV,3,0,,60.0,0,1
387,4611,SLV,7,1,,20.0,0,1
388,4610,SLV,3,1,30.0,65.0,0,1
389,4609,SLV,3,1,50.0,310.0,0,0
390,4608,SLV,4,99,,10.0,0,0
391,4607,SLV,5,0,,140.0,0,0
392,4606,SLV,1,1,20.0,260.0,0,1
393,4605,SLV,6,1,100.0,600.0,0,1
394,4604,SLV,4,1,,37.0,0,0
395,4603,SLV,6,0,,40.0,0,0
396,4602,SLV,5,0,,60.0,0,0
397,4601,SLV,5,0,,300.0,0,0
399,4599,SLV,3,0,,100.0,0,0
404,4594,SLV,3,1,,120.0,0,0
405,4593,SLV,2,0,,308.0,0,0
406,4592,SLV,3,0,,10.0,0,0
408,4590,SLV,6,0,,500.0,0,0
410,4588,SLV,4,0,,200.0,0,0
414,4584,SLV,3,1,,200.0,0,0
416,4582,SLV,4,0,,600.0,0,0
417,4581,SLV,3,1,10.0,500.0,0,0
420,4578,SLV,5,1,,50.0,0,0
421,4577,SLV,5,0,,300.0,0,0
423,4575,SLV,4,1,,300.0,0,0
424,4574,SLV,5,0,,300.0,0,0
425,4573,SLV,4,1,,300.0,0,0
426,4572,SLV,3,0,,300.0,0,0
427,4571,SLV,4,1,,500.0,0,0
428,4570,SLV,4,0,,40.0,0,0
429,4569,SLV,3,1,,180.0,0,0
431,4567,SLV,6,0,,150.0,0,0
432,4566,SLV,5,0,,200.0,0,0
433,4565,SLV,4,1,,50.0,0,0
434,4564,SLV,1,0,,40.0,0,1
436,4562,SLV,3,1,,20.0,0,0
438,4560,SLV,9,0,,150.0,0,0
440,4558,SLV,4,0,,30.0,0,0
442,4556,SLV,3,1,,35.0,0,0
443,4555,SLV,5,0,,20.0,0,0
444,4554,SLV,3,1,,7.0,0,1
446,4552,SLV,3,0,,20.0,0,0
447,4551,SLV,5,0,,20.0,0,0
449,4549,SLV,7,0,,150.0,0,1
450,4548,SLV,5,0,,30.0,0,0
454,4544,SLV,4,1,50.0,1800.0,0,0
455,4543,SLV,2,0,,500.0,0,0
456,4542,SLV,3,0,,500.0,0,0
457,4541,SLV,6,0,,240.0,0,0
458,4540,SLV,6,1,,600.0,0,0
460,4538,SLV,5,1,20.0,140.0,0,0
461,4537,SLV,6,1,10.0,150.0,0,1
462,4536,SLV,3,0,,40.0,0,1
463,4535,SLV,3,0,,60.0,0,0
464,4534,SLV,6,0,,180.0,0,1
465,4533,SLV,3,0,,200.0,0,1
467,4531,SLV,5,0,,25.0,0,0
468,4530,SLV,3,0,,16.0,0,0
471,4527,SLV,6,0,,40.0,0,0
472,4526,SLV,8,1,,150.0,0,0
473,4525,SLV,5,0,,150.0,0,0
475,4523,SLV,1,1,30.0,300.0,0,1
477,4521,SLV,5,1,25.0,250.0,0,0
478,4520,SLV,4,0,,50.0,0,0
479,4519,SLV,6,0,,300.0,0,1
480,4518,SLV,5,0,,120.0,0,0
481,4517,SLV,4,1,,100.0,0,0
482,4516,SLV,2,1,50.0,200.0,0,0
484,4514,SLV,2,0,,300.0,0,1
486,4512,SLV,4,1,75.0,450.0,0,0
487,4511,SLV,4,1,100.0,800.0,0,1
488,4510,SLV,3,1,100.0,600.0,0,0
489,4509,SLV,3,0,,400.0,0,1
491,4507,SLV,4,1,100.0,160.0,0,0
492,4506,SLV,6,0,,240.0,0,0
493,4505,SLV,3,0,,60.0,0,1
494,4504,SLV,4,0,,100.0,0,1
495,4503,SLV,3,1,,60.0,0,0
496,4502,SLV,3,0,,50.0,1,0
497,4501,SLV,5,0,,300.0,1,1
498,4500,SLV,4,0,,350.0,0,0
500,4498,SLV,1,0,,300.0,0,0
501,4497,SLV,3,0,,800.0,0,0
502,4496,SLV,6,1,,50.0,0,0
504,4494,SLV,2,0,,100.0,0,1
505,4493,SLV,4,0,,200.0,0,0
506,4492,SLV,9,0,,200.0,0,0
508,4490,SLV,4,0,,150.0,0,0
509,4489,SLV,4,1,,50.0,0,0
510,4488,SLV,6,0,,0.06724,0,0
511,4487,SLV,3,0,,200.0,0,0
512,4486,SLV,4,0,,40.0,0,0
514,4484,SLV,3,0,,50.0,0,0
515,4483,SLV,4,0,,200.0,0,1
516,4482,SLV,4,0,,200.0,0,1
517,4481,SLV,6,0,,100.0,0,0
518,4480,SLV,3,0,,100.0,0,0
519,4479,SLV,4,0,,200.0,0,0
521,4477,SLV,9,0,,180.0,0,0
522,4476,SLV,1,1,,20.0,0,0
525,4473,SLV,3,99,,30.0,0,0
527,4471,SLV,4,0,,50.0,0,0
528,4470,SLV,2,1,25.0,50.0,0,1
621,4377,SLV,9,0,,500.0,0,0
622,4376,SLV,5,1,25.0,500.0,0,0
623,4375,SLV,4,0,,80.0,0,0
624,4374,SLV,7,0,,25.0,0,0
625,4373,SLV,3,0,,160.0,0,0
627,4371,SLV,10,1,30.0,50.0,0,0
630,4368,SLV,8,1,,50.0,0,1
632,4366,SLV,4,0,,180.0,0,0
634,4364,SLV,4,1,,100.0,0,0
635,4363,SLV,7,1,,700.0,0,0
636,4362,SLV,2,0,,180.0,0,0
650,4348,SLV,6,0,,60.0,1,0
651,4347,SLV,6,0,,26.0,1,1
658,4340,SLV,5,1,80.0,500.0,0,0
659,4339,SLV,5,1,75.0,500.0,0,0
660,4338,SLV,8,1,,3000.0,0,0
661,4337,SLV,4,1,,60.0,0,1
662,4336,SLV,3,0,,100.0,0,1
663,4335,SLV,3,1,,25.0,0,0
664,4334,SLV,4,0,,30.0,0,0
666,4332,SLV,5,0,,200.0,0,0
669,4329,SLV,6,0,,45.0,0,0
673,4325,SLV,7,1,,120.0,0,0
674,4324,SLV,3,0,,1000.0,0,0
676,4322,SLV,3,0,,30.0,0,0
677,4321,SLV,4,1,,300.0,0,0
678,4320,SLV,5,0,,400.0,0,1
679,4319,SLV,3,0,,300.0,0,0
681,4317,SLV,4,0,,300.0,0,1
682,4316,SLV,4,1,100.0,200.0,0,0
683,4315,SLV,4,1,50.0,600.0,0,1
684,4314,SLV,6,0,,500.0,0,1
686,4312,SLV,8,1,,75.0,0,0
687,4311,SLV,8,0,,36.0,0,1
688,4310,SLV,4,1,,35.0,0,0
689,4309,SLV,3,0,,20.0,0,0
690,4308,SLV,5,0,,21.0,0,0
691,4307,SLV,3,0,,45.0,0,1
692,4306,SLV,4,0,,400.0,0,1
693,4305,SLV,4,1,,60.0,0,0
697,4301,SLV,2,0,,75.0,0,1
698,4300,SLV,8,0,,500.0,0,0
699,4299,SLV,7,0,,20.0,0,0
700,4298,SLV,3,1,20.0,200.0,0,0
701,4297,SLV,5,1,25.0,200.0,0,0
702,4296,SLV,3,1,25.0,400.0,0,0
703,4295,SLV,4,1,25.0,500.0,0,0
710,4288,SLV,4,1,,150.0,0,0
712,4286,SLV,5,0,,10.0,0,0
713,4285,SLV,6,0,,10.0,0,0
714,4284,SLV,3,0,,15.0,0,0
715,4283,SLV,2,0,,4.0,0,0
716,4282,SLV,3,0,,12.0,0,1
717,4281,SLV,4,1,60.0,300.0,0,1
719,4279,SLV,10,1,,100.0,0,0
720,4278,SLV,4,0,,200.0,0,0
721,4277,SLV,6,0,,500.0,1,0
722,4276,SLV,4,1,,200.0,0,1
724,4274,SLV,4,1,,60.0,0,0
726,4272,SLV,5,1,,600.0,0,0
727,4271,SLV,2,0,,250.0,0,0
728,4270,SLV,5,1,,300.0,0,0
739,4259,SLV,2,1,,200.0,0,0
740,4258,SLV,5,0,,100.0,0,0
741,4257,SLV,2,1,45.0,600.0,0,0
742,4256,SLV,4,1,,300.0,0,0
745,4253,SLV,4,1,10.0,400.0,0,0
746,4252,SLV,4,0,,30.0,0,0
750,4248,SLV,5,0,,10.0,0,0
751,4247,SLV,8,0,,200.0,0,0
752,4246,SLV,8,1,,5.0,0,0
754,4244,SLV,8,0,,200.0,0,0
758,4240,SLV,10,1,,300.0,0,0
759,4239,SLV,9,1,,250.0,0,0
760,4238,SLV,5,1,,100.0,0,0
762,4236,SLV,2,1,,2000.0,0,0
768,4230,SLV,4,0,,600.0,0,0
769,4229,SLV,5,1,,200.0,0,0
770,4228,SLV,4,0,,500.0,0,1
772,4226,SLV,6,1,20.0,50.0,0,0
773,4225,SLV,5,0,,50.0,0,0
774,4224,SLV,5,0,,25.0,0,0
775,4223,SLV,3,1,,400.0,0,1
776,4222,SLV,4,0,,72.0,0,1
777,4221,SLV,4,0,,45.0,0,0
778,4220,SLV,6,0,,400.0,0,0
779,4219,SLV,3,1,,40.0,0,0
780,4218,SLV,5,1,10.0,50.0,0,0
783,4215,SLV,3,1,,150.0,0,0
784,4214,SLV,5,0,,100.0,0,0
785,4213,SLV,4,1,,40.0,0,0
786,4212,SLV,2,1,50.0,600.0,0,0
788,4210,SLV,6,1,20.0,50.0,0,0
789,4209,SLV,6,0,,350.0,0,0
790,4208,SLV,5,0,,228.0,0,0
791,4207,SLV,3,1,100.0,2000.0,0,0
792,4206,SLV,3,0,,1000.0,0,0
794,4204,SLV,6,1,,100.0,0,0
796,4202,SLV,7,0,,100.0,0,1
797,4201,SLV,3,1,75.0,25.0,0,0
970,4028,SLV,4,1,50.0,186.0,0,0
971,4027,SLV,3,1,,400.0,0,0
972,4026,SLV,1,0,,5.0,0,1
985,4013,SLV,3,1,50.0,100.0,0,0
986,4012,SLV,6,1,,25.0,0,0
987,4011,SLV,4,1,,50.0,0,0
990,4008,SLV,2,1,80.0,300.0,0,1
1017,3981,SLV,4,1,30.0,0.5043000000000001,0,1
1020,3978,SLV,4,0,,25.0,0,0
1021,3977,SLV,4,1,,200.0,0,0
1023,3975,SLV,5,0,,1000.0,0,0
1024,3974,SLV,4,0,,100.0,0,0
1025,3973,SLV,4,0,,60.0,0,0
1028,3970,SLV,4,0,,80.0,0,0
1029,3969,SLV,3,0,,100.0,0,1
1065,3933,SLV,4,1,,30.0,1,0
1066,3932,SLV,2,1,30.0,530.0,0,0
1067,3931,SLV,4,1,10.0,70.0,1,1
1068,3930,SLV,2,0,,100.0,0,0
1069,3929,SLV,1,1,,500.0,0,0
1071,3927,SLV,2,0,,20.0,0,0
1072,3926,SLV,3,1,,5000.0,0,0
1073,3925,SLV,5,0,,150.0,0,1
1074,3924,SLV,3,1,,20.0,0,1
1075,3923,SLV,2,1,,20.0,0,1
1076,3922,SLV,1,1,,60.0,0,1
1077,3921,SLV,4,1,20.0,250.0,0,1
1078,3920,SLV,3,1,20.0,50.0,0,0
1079,3919,SLV,0,0,,300.0,0,0
1080,3918,SLV,2,1,50.0,240.0,0,0
1081,3917,SLV,4,1,10.0,190.0,0,0
1083,3915,SLV,4,1,,460.0,0,1
1084,3914,SLV,4,1,25.0,350.0,1,0
1085,3913,SLV,2,1,,500.0,1,1
1086,3912,SLV,5,0,,500.0,0,0
1087,3911,SLV,6,0,,500.0,0,1
1088,3910,SLV,4,1,100.0,500.0,0,1
1089,3909,SLV,3,0,,10.0,0,0
1091,3907,SLV,3,1,,30.0,0,0
1093,3905,SLV,6,1,,300.0,0,0
1094,3904,SLV,3,0,,30.0,0,0
1096,3902,SLV,3,0,,100.0,0,0
1097,3901,SLV,4,0,,300.0,0,0
1100,3898,SLV,3,0,,700.0,0,0
1101,3897,SLV,8,0,,600.0,0,0
1102,3896,SLV,2,1,10.0,300.0,0,1
1106,3892,SLV,3,0,,120.0,0,0
1107,3891,SLV,2,0,,100.0,0,0
1108,3890,SLV,2,0,,100.0,0,0
1114,3884,SLV,2,0,,60.0,0,0
1115,3883,SLV,2,0,,100.0,0,0
1129,3869,SLV,3,0,,200.0,0,1
1130,3868,SLV,2,0,,100.0,0,0
1131,3867,SLV,4,0,,150.0,0,0
1132,3866,SLV,3,1,,60.0,0,0
1133,3865,SLV,8,0,,70.0,0,0
1135,3863,SLV,5,1,,250.0,0,0
1136,3862,SLV,7,1,75.0,600.0,0,1
1138,3860,SLV,3,1,100.0,250.0,0,1
1139,3859,SLV,5,1,,1000.0,0,0
1142,3856,SLV,3,1,,150.0,0,0
1143,3855,SLV,7,1,,80.0,0,0
1144,3854,SLV,4,1,100.0,80.0,0,0
1145,3853,SLV,4,1,,200.0,0,0
1146,3852,SLV,5,1,,200.0,0,0
1147,3851,SLV,5,1,,70.0,0,1
1148,3850,SLV,4,0,,100.0,0,1
1151,3847,SLV,4,1,,1500.0,0,0
1152,3846,SLV,5,0,,450.0,0,0
1153,3845,SLV,5,1,25.0,900.0,0,0
1155,3843,SLV,5,0,,10.0,0,0
1156,3842,SLV,2,1,50.0,360.0,0,0
1157,3841,SLV,4,0,,60.0,0,0
1158,3840,SLV,4,1,,150.0,0,1
1159,3839,SLV,5,1,,30.0,0,1
1160,3838,SLV,4,1,,100.0,0,1
1161,3837,SLV,4,0,,120.0,0,1
1164,3834,SLV,6,1,10.0,250.0,0,0
1165,3833,SLV,6,0,,50.0,0,1
1166,3832,SLV,6,1,,30.0,0,0
1167,3831,SLV,1,0,,80.0,0,1
1168,3830,SLV,3,0,,250.0,0,0
1169,3829,SLV,4,0,,200.0,0,0
1170,3828,SLV,8,1,,200.0,0,0
1173,3825,SLV,5,0,,100.0,0,0
1174,3824,SLV,1,1,,80.0,0,1
1175,3823,SLV,5,0,,20.0,0,0
1176,3822,SLV,5,0,,5.0,0,0
1181,3817,SLV,4,0,,50.0,0,0
1183,3815,SLV,5,0,,30.0,0,0
1184,3814,SLV,2,0,,75.0,0,0
1185,3813,SLV,2,0,,80.0,0,0
1186,3812,SLV,4,0,,25.0,0,0
1187,3811,SLV,3,0,,10.0,0,0
1191,3807,SLV,10,0,,130.0,0,1
1192,3806,SLV,4,0,,20.0,0,0
1193,3805,SLV,2,0,,30.0,0,1
1197,3801,SLV,4,0,,25.0,0,0
1198,3800,SLV,4,0,,200.0,0,0
1199,3799,SLV,7,1,25.0,500.0,0,0
1200,3798,SLV,8,1,,100.0,0,1
1201,3797,SLV,4,1,50.0,600.0,0,1
1202,3796,SLV,4,1,20.0,95.0,0,0
1203,3795,SLV,8,0,,450.0,0,1
1204,3794,SLV,3,1,,800.0,0,0
1206,3792,SLV,4,1,100.0,400.0,1,1
1207,3791,SLV,2,0,,50.0,0,0
1211,3787,SLV,4,1,100.0,3000.0,0,0
1212,3786,SLV,0,0,,250.0,0,0
1214,3784,SLV,5,0,,320.0,0,0
1216,3782,SLV,4,0,,100.0,0,1
1223,3775,SLV,6,0,,18.0,0,0
1345,3653,SLV,4,0,,100.0,0,0
1346,3652,SLV,3,0,,24.0,0,0
1353,3645,SLV,2,0,,15.0,0,0
1354,3644,SLV,5,0,,200.0,1,0
1355,3643,SLV,3,0,,200.0,0,0
1356,3642,SLV,3,0,,10.0,0,0
1357,3641,SLV,5,0,,25.0,0,0
1358,3640,SLV,4,0,,40.0,0,1
1359,3639,SLV,3,0,,8.0,0,1
1360,3638,SLV,4,0,,150.0,0,1
1361,3637,SLV,3,1,40.0,500.0,0,0
1362,3636,SLV,6,0,,120.0,0,0
1363,3635,SLV,2,0,,25.0,0,0
1364,3634,SLV,5,1,,250.0,0,0
1365,3633,SLV,3,0,,27.0,0,0
1366,3632,SLV,4,1,,50.0,0,0
1367,3631,SLV,4,0,,40.0,0,0
1368,3630,SLV,2,0,,50.0,0,0
1369,3629,SLV,3,0,,250.0,0,0
1425,3573,SLV,4,0,,100.0,0,0
1426,3572,SLV,7,0,,100.0,0,0
1427,3571,SLV,2,0,,12.0,0,0
1428,3570,SLV,4,0,,300.0,0,0
1430,3568,SLV,8,0,,75.0,0,0
1431,3567,SLV,5,0,,80.0,0,0
1433,3565,SLV,2,0,,100.0,0,0
1436,3562,SLV,5,0,,100.0,0,0
1437,3561,SLV,2,0,,300.0,0,0
1438,3560,SLV,4,0,,400.0,0,0
1443,3555,SLV,4,0,,50.0,0,0
1444,3554,SLV,3,0,,66.0,0,0
1446,3552,SLV,4,1,20.0,90.0,0,0
1450,3548,SLV,5,1,,200.0,0,0
1451,3547,SLV,4,0,,20.0,0,0
1454,3544,SLV,7,1,,80.0,0,0
1470,3528,SLV,3,0,,400.0,0,1
1471,3527,SLV,3,1,,100.0,0,0
1474,3524,SLV,5,0,,1000.0,0,1
1475,3523,SLV,5,0,,60.0,0,0
1476,3522,SLV,4,1,,600.0,0,0
1477,3521,SLV,2,0,,20.0,0,0
1478,3520,SLV,5,0,,35.0,0,0
1495,3503,SLV,3,0,,150.0,0,0
1498,3500,SLV,5,0,,30.0,0,0
1499,3499,SLV,3,0,,300.0,0,1
1500,3498,SLV,2,0,,300.0,0,1
1521,3477,SLV,7,0,,30.0,0,0
1524,3474,SLV,3,0,,200.0,0,0
1525,3473,SLV,1,0,,20.0,0,0
1526,3472,SLV,6,0,,90.0,0,0
1528,3470,SLV,4,0,,750.0,0,0
1529,3469,SLV,5,1,,100.0,0,0
1530,3468,SLV,3,1,,80.0,0,0
1531,3467,SLV,5,0,,100.0,0,0
1534,3464,SLV,4,1,100.0,1980.0,0,0
1535,3463,SLV,5,1,100.0,400.0,0,1
1537,3461,SLV,5,1,,80.0,0,0
1538,3460,SLV,4,1,,88.0,0,0
1539,3459,SLV,2,1,20.0,60.0,0,0
1558,3440,SLV,5,0,,80.0,0,1
1559,3439,SLV,7,1,20.0,210.0,0,0
1566,3432,SLV,5,1,50.0,75.0,0,0
1567,3431,SLV,6,0,,15.0,0,0
1568,3430,SLV,5,0,,80.0,0,0
1569,3429,SLV,2,0,,30.0,0,0
1570,3428,SLV,4,0,,300.0,0,0
1571,3427,SLV,4,0,,600.0,0,1
1572,3426,SLV,5,0,,300.0,0,0
1573,3425,SLV,4,0,,500.0,0,0
1574,3424,SLV,4,1,50.0,400.0,0,0
1576,3422,SLV,7,1,,60.0,0,0
1577,3421,SLV,4,1,15.0,30.0,0,0
1578,3420,SLV,2,0,,120.0,0,0
1580,3418,SLV,2,0,,600.0,0,1
1581,3417,SLV,3,1,20.0,100.0,0,1
1584,3414,SLV,5,1,100.0,500.0,0,0
1585,3413,SLV,3,1,,400.0,0,0
1587,3411,SLV,7,1,100.0,60.0,0,0
1588,3410,SLV,4,1,,200.0,0,0
1589,3409,SLV,3,0,,50.0,0,0
1590,3408,SLV,5,1,,125.0,0,1
1591,3407,SLV,10,1,,10.0,0,1
1608,3390,SLV,4,0,,80.0,0,1
1610,3388,SLV,1,0,,15.0,0,0
1611,3387,SLV,3,0,,30.0,0,0
1612,3386,SLV,3,1,20.0,0.08405,0,0
1616,3382,SLV,5,1,,270.0,0,0
1617,3381,SLV,5,0,,1000.0,0,0
1618,3380,SLV,3,0,,50.0,0,0
1620,3378,SLV,6,0,,100.0,0,0
1621,3377,SLV,3,0,,500.0,0,0
1623,3375,SLV,5,1,100.0,200.0,0,1
1624,3374,SLV,6,0,,10.0,0,0
1626,3372,SLV,3,0,,200.0,0,0
1628,3370,SLV,4,0,,10.0,0,0
1629,3369,SLV,4,1,,40.0,0,0
1630,3368,SLV,3,1,100.0,100.0,0,0
1631,3367,SLV,2,0,,50.0,0,0
1632,3366,SLV,3,0,,40.0,0,0
1633,3365,SLV,1,0,,200.0,1,1
1634,3364,SLV,3,0,,100.0,0,0
1636,3362,SLV,5,1,20.0,300.0,0,0
1637,3361,SLV,6,0,,60.0,0,1
1638,3360,SLV,5,1,50.0,240.0,0,0
1640,3358,SLV,9,1,,600.0,0,0
1641,3357,SLV,3,1,,100.0,0,0
1642,3356,SLV,15,0,,1000.0,0,0
1643,3355,SLV,2,0,,250.0,0,1
1644,3354,SLV,9,1,50.0,250.0,0,0
1645,3353,SLV,5,1,,60.0,0,0
1646,3352,SLV,2,1,80.0,450.0,0,0
1648,3350,SLV,6,0,,30.0,0,0
1649,3349,SLV,4,0,,56.0,0,0
1650,3348,SLV,3,0,,70.0,0,0
1651,3347,SLV,2,0,,300.0,0,0
2203,2795,SLV,4,0,,97.0,0,0
2204,2794,SLV,4,0,,23.0,0,0
2205,2793,SLV,3,1,,60.0,0,1
2211,2787,SLV,4,1,,35.0,0,0
2212,2786,SLV,3,0,,500.0,0,1
2219,2779,SLV,3,1,,1600.0,0,1
2225,2773,SLV,2,0,,20.0,0,0
2226,2772,SLV,3,0,,100.0,0,0
2227,2771,SLV,4,1,,600.0,1,0
2228,2770,SLV,3,0,,25.0,0,0
2229,2769,SLV,3,1,100.0,300.0,0,0
2230,2768,SLV,7,0,,100.0,0,0
2252,2746,SLV,3,0,,40.0,0,0
2253,2745,SLV,4,0,,20.0,0,0
2254,2744,SLV,3,0,,70.0,0,0
2255,2743,SLV,2,0,,6.0,0,0
2256,2742,SLV,3,0,,45.0,0,0
2258,2740,SLV,4,1,,30.0,0,0
2261,2737,SLV,5,0,,80.0,0,1
2262,2736,SLV,3,0,,30.0,0,0
2264,2734,SLV,3,0,,50.0,0,0
2265,2733,SLV,5,0,,50.0,0,0
2266,2732,SLV,7,0,,30.0,0,0
2267,2731,SLV,3,0,,20.0,0,0
2274,2724,SLV,5,0,,50.0,0,0
2276,2722,SLV,3,0,,70.0,0,0
2277,2721,SLV,11,0,,10.0,0,0
2278,2720,SLV,6,0,,300.0,0,0
2279,2719,SLV,4,0,,50.0,0,0
2281,2717,SLV,5,0,,180.0,0,0
2283,2715,SLV,2,0,,20.0,0,0
2284,2714,SLV,3,0,,20.0,0,0
2285,2713,SLV,6,0,,5.0,0,0
2286,2712,SLV,6,1,,50.0,0,0
2287,2711,SLV,4,0,,75.0,0,0
2288,2710,SLV,6,0,,36.0,0,0
2290,2708,SLV,2,0,,100.0,0,0
2291,2707,SLV,4,0,,30.0,0,0
2292,2706,SLV,4,0,,10.0,0,0
2293,2705,SLV,5,0,,200.0,0,0
2294,2704,SLV,4,0,,20.0,0,0
2295,2703,SLV,6,0,,40.0,0,0
2297,2701,SLV,3,0,,70.0,0,0
2298,2700,SLV,3,0,,100.0,0,0
2299,2699,SLV,2,0,,50.0,0,0
2300,2698,SLV,3,0,,10.0,0,0
2301,2697,SLV,6,0,,400.0,0,0
2303,2695,SLV,3,0,,40.0,0,0
2309,2689,SLV,4,0,,300.0,0,0
2311,2687,SLV,5,0,,45.0,0,0
2313,2685,SLV,4,0,,40.0,0,0
2314,2684,SLV,1,0,,250.0,0,1
2330,2668,SLV,3,0,,24.0,1,0
2332,2666,SLV,3,1,,60.0,0,0
2333,2665,SLV,2,1,,44.0,0,0
2334,2664,SLV,10,1,50.0,300.0,0,0
2335,2663,SLV,4,0,,60.0,0,0
2336,2662,SLV,4,1,,400.0,0,0
2337,2661,SLV,4,1,,20.0,0,0
2338,2660,SLV,5,0,,75.0,0,0
2339,2659,SLV,4,0,,300.0,0,0
2342,2656,SLV,3,0,,60.0,0,0
2357,2641,SLV,4,1,,2000.0,0,0
2358,2640,SLV,3,0,,20.0,0,0
2359,2639,SLV,6,0,,300.0,0,0
2360,2638,SLV,4,0,,480.0,0,0
2362,2636,SLV,4,0,,200.0,0,0
2363,2635,SLV,5,1,50.0,250.0,0,1
2366,2632,SLV,5,0,,40.0,0,0
2367,2631,SLV,4,0,,10.0,0,0
2368,2630,SLV,3,0,,100.0,0,1
2369,2629,SLV,2,1,,600.0,0,0
2370,2628,SLV,4,0,,200.0,0,1
2371,2627,SLV,5,0,,15.0,0,0
2378,2620,SLV,4,0,,60.0,0,0
2379,2619,SLV,10,1,25.0,200.0,0,0
2380,2618,SLV,4,0,,22.0,0,0
2382,2616,SLV,7,0,,200.0,0,1
2383,2615,SLV,4,0,,275.0,0,0
2384,2614,SLV,12,0,,5.0,0,1
2385,2613,SLV,3,0,,10.0,0,1
2386,2612,SLV,3,0,,3.0,0,0
2389,2609,SLV,4,0,,40.0,0,0
2390,2608,SLV,8,1,,150.0,0,0
2391,2607,SLV,6,1,,270.0,0,0
2392,2606,SLV,2,1,,80.0,0,1
2393,2605,SLV,2,0,,360.0,0,0
2395,2603,SLV,5,0,,150.0,0,0
2396,2602,SLV,2,1,60.0,300.0,1,0
2397,2601,SLV,8,0,,400.0,0,1
2400,2598,SLV,1,0,,60.0,0,0
2401,2597,SLV,3,0,,20.0,0,0
2403,2595,SLV,5,0,,360.0,0,0
2404,2594,SLV,8,0,,0.10086,0,0
2406,2592,SLV,2,0,,20.0,0,1
2407,2591,SLV,4,0,,50.0,0,1
2408,2590,SLV,4,0,,400.0,0,0
2409,2589,SLV,6,0,,300.0,0,0
2410,2588,SLV,3,0,,50.0,0,0
2411,2587,SLV,10,0,,30.0,0,1
2412,2586,SLV,6,0,,40.0,0,0
2413,2585,SLV,3,0,,1200.0,0,1
2414,2584,SLV,4,0,,150.0,0,0
2416,2582,SLV,10,0,,60.0,0,0
2417,2581,SLV,5,0,,150.0,0,0
2423,2575,SLV,5,0,,150.0,0,0
2424,2574,SLV,5,0,,140.0,0,0
2426,2572,SLV,3,0,,50.0,0,0
2427,2571,SLV,4,0,,200.0,0,0
2429,2569,SLV,3,1,25.0,150.0,0,1
2430,2568,SLV,5,0,,150.0,0,0
2431,2567,SLV,4,0,,100.0,0,0
2433,2565,SLV,5,0,,250.0,0,0
2435,2563,SLV,2,0,,50.0,0,0
2436,2562,SLV,4,0,,20.0,0,0
2472,2526,SLV,5,1,,60.0,0,0
2475,2523,SLV,5,0,,0.10086,0,0
2476,2522,SLV,3,0,,210.0,0,0
2643,2355,SLV,5,0,,500.0,0,0
2644,2354,SLV,4,0,,100.0,0,0
2645,2353,SLV,1,0,,60.0,0,0
2646,2352,SLV,3,0,,120.0,1,1
2647,2351,SLV,6,0,,180.0,0,0
2650,2348,SLV,3,0,,100.0,0,0
2652,2346,SLV,4,0,,20.0,0,0
2653,2345,SLV,3,0,,720.0,0,0
2655,2343,SLV,5,0,,40.0,0,0
2658,2340,SLV,4,0,,60.0,0,0
2659,2339,SLV,2,0,,100.0,0,0
2660,2338,SLV,4,0,,30.0,0,1
2800,2198,SLV,3,0,,20.0,0,0
2801,2197,SLV,4,0,,3.0,0,0
2802,2196,SLV,4,0,,100.0,0,1
2803,2195,SLV,4,0,,10.0,0,0
2804,2194,SLV,4,0,,150.0,0,0
2808,2190,SLV,2,0,,15.0,0,0
2811,2187,SLV,11,0,,200.0,0,0
2812,2186,SLV,3,0,,10.0,0,0
2813,2185,SLV,6,0,,90.0,0,0
2816,2182,SLV,3,0,,20.0,0,0
2818,2180,SLV,5,0,,96.0,0,0
2819,2179,SLV,2,0,,180.0,0,1
2820,2178,SLV,5,0,,120.0,0,0
2826,2172,SLV,4,0,,200.0,0,0
2827,2171,SLV,4,0,,7.0,0,0
2828,2170,SLV,4,0,,60.0,0,0
2829,2169,SLV,7,0,,200.0,0,0
2830,2168,SLV,3,0,,80.0,0,0
2831,2167,SLV,4,0,,100.0,0,0
2832,2166,SLV,3,1,,40.0,0,0
2833,2165,SLV,4,0,,100.0,0,0
2834,2164,SLV,2,0,,18.0,0,1
2835,2163,SLV,4,0,,360.0,0,1
2836,2162,SLV,10,0,,100.0,0,0
2839,2159,SLV,12,1,,250.0,0,0
2840,2158,SLV,8,0,,40.0,0,0
2842,2156,SLV,1,0,,5.0,0,0
2843,2155,SLV,2,0,,15.0,0,0
2844,2154,SLV,2,0,,200.0,0,1
2845,2153,SLV,5,0,,72.0,0,0
2846,2152,SLV,3,0,,30.0,0,0
2848,2150,SLV,4,0,,150.0,0,1
2849,2149,SLV,2,1,50.0,3000.0,0,1
2851,2147,SLV,6,1,100.0,150.0,0,0
2852,2146,SLV,3,0,,140.0,0,0
2853,2145,SLV,5,0,,200.0,0,0
2854,2144,SLV,3,0,,200.0,0,0
2855,2143,SLV,4,0,,50.0,0,0
2856,2142,SLV,4,1,50.0,75.0,0,0
2857,2141,SLV,7,0,,15.0,0,1
2858,2140,SLV,9,0,,100.0,0,1
2859,2139,SLV,5,0,,100.0,0,0
2860,2138,SLV,7,1,50.0,200.0,0,0
2862,2136,SLV,3,0,,25.0,0,0
2863,2135,SLV,3,0,,250.0,0,1
2864,2134,SLV,6,0,,100.0,0,0
2865,2133,SLV,3,0,,30.0,0,0
2866,2132,SLV,8,0,,70.0,0,0
2867,2131,SLV,4,0,,40.0,0,0
2868,2130,SLV,6,0,,100.0,0,0
2869,2129,SLV,2,0,,100.0,0,0
2871,2127,SLV,1,0,,630.0,0,0
2873,2125,SLV,3,1,0.0,3000.0,0,0
2874,2124,SLV,5,0,,40.0,0,0
2875,2123,SLV,4,0,,500.0,0,1
2876,2122,SLV,2,1,0.0,25.0,0,0
2879,2119,SLV,5,0,,30.0,0,0
2880,2118,SLV,5,0,,120.0,0,1
2882,2116,SLV,4,1,90.0,500.0,0,1
2883,2115,SLV,11,0,,600.0,0,0
2884,2114,SLV,3,1,50.0,500.0,0,1
2885,2113,SLV,2,1,,30.0,0,0
2886,2112,SLV,4,0,,200.0,0,0
2901,2097,SLV,6,0,,2.535,0,0
2902,2096,SLV,6,0,,160.0,0,0
2903,2095,SLV,6,0,,70.0,0,0
2905,2093,SLV,8,0,,100.0,0,0
2909,2089,SLV,5,0,,240.0,0,0
2910,2088,SLV,5,1,,600.0,0,0
2911,2087,SLV,7,0,,50.0,0,0
2913,2085,SLV,6,0,,20.0,0,0
2914,2084,SLV,6,1,,50.0,0,0
2915,2083,SLV,2,0,,10.0,0,1
2916,2082,SLV,4,0,,5.0,0,0
2917,2081,SLV,4,0,,200.0,0,0
2918,2080,SLV,4,0,,40.0,0,1
2919,2079,SLV,5,0,,25.0,0,0
2920,2078,SLV,3,0,,100.0,0,0
2921,2077,SLV,5,0,,10.0,0,1
2922,2076,SLV,4,0,,200.0,0,1
2923,2075,SLV,5,0,,50.0,0,1
2925,2073,SLV,4,0,,500.0,0,0
2927,2071,SLV,5,0,,9.0,0,0
2928,2070,SLV,3,0,,100.0,0,0
2930,2068,SLV,5,0,,100.0,0,1
2931,2067,SLV,5,0,,50.0,0,0
2932,2066,SLV,6,1,,20.0,0,0
2933,2065,SLV,8,0,,10.0,0,0
2936,2062,SLV,4,0,,25.0,0,0
2938,2060,SLV,4,1,,35.0,0,1
2939,2059,SLV,3,0,,10.0,0,1
2941,2057,SLV,4,1,30.0,400.0,0,0
2942,2056,SLV,2,1,,300.0,0,1
2943,2055,SLV,8,0,,100.0,0,0
2944,2054,SLV,1,0,,30.0,0,0
2945,2053,SLV,7,1,,300.0,0,0
2949,2049,SLV,7,1,30.0,100.0,0,0
2950,2048,SLV,3,1,,100.0,0,0
2951,2047,SLV,1,1,50.0,300.0,0,1
2952,2046,SLV,9,0,,25.0,0,0
2953,2045,SLV,8,0,,70.0,0,0
2954,2044,SLV,4,0,,75.0,0,1
2956,2042,SLV,5,1,,60.0,0,1
2957,2041,SLV,4,0,,20.0,0,0
2959,2039,SLV,6,0,,600.0,0,0
2961,2037,SLV,5,0,,100.0,0,0
2963,2035,SLV,5,0,,75.0,0,1
2965,2033,SLV,3,1,,100.0,0,0
2968,2030,SLV,8,0,,10.0,0,0
2969,2029,SLV,4,1,,500.0,0,1
2970,2028,SLV,5,0,,40.0,0,0
2997,2001,SLV,6,0,,54.0,0,0
2998,2000,SLV,7,1,,80.0,0,0
2999,1999,SLV,4,0,,150.0,0,0
3001,1997,SLV,6,1,60.0,150.0,0,0
3002,1996,SLV,4,1,,63.0,0,0
3003,1995,SLV,4,0,,6.0,0,0
3004,1994,SLV,5,1,,32.0,0,0
3152,1846,SLV,4,1,65.0,6000.0,0,0
3153,1845,SLV,4,0,,120.0,0,0
3154,1844,SLV,5,0,,30.0,0,0
3160,1838,SLV,3,1,,0.5043000000000001,0,0
3161,1837,SLV,4,1,,20.0,0,0
3162,1836,SLV,3,0,,20.0,0,0
3164,1834,SLV,3,1,100.0,300.0,0,1
3165,1833,SLV,3,1,,100.0,0,0
3166,1832,SLV,4,1,20.0,55.0,0,0
3168,1830,SLV,9,1,,1000.0,0,1
3182,1816,SLV,2,1,20.0,300.0,0,0
3183,1815,SLV,0,0,,60.0,0,0
3184,1814,SLV,3,1,,60.0,0,0
3185,1813,SLV,3,1,,200.0,0,0
3186,1812,SLV,2,0,,30.0,0,0
3187,1811,SLV,4,1,20.0,400.0,0,1
3192,1806,SLV,4,1,80.0,75.0,0,0
3193,1805,SLV,7,0,,20.0,0,0
3194,1804,SLV,5,0,,100.0,0,0
3196,1802,SLV,3,1,,20.0,0,0
3197,1801,SLV,3,0,,120.0,0,0
3198,1800,SLV,7,1,,300.0,0,0
3199,1799,SLV,7,1,25.0,60.0,0,0
3200,1798,SLV,4,1,40.0,250.0,0,0
3201,1797,SLV,4,0,,50.0,0,0
3202,1796,SLV,5,1,70.0,2000.0,0,0
3203,1795,SLV,2,0,,250.0,0,1
3204,1794,SLV,3,0,,900.0,0,1
3205,1793,SLV,2,0,,390.0,0,0
3206,1792,SLV,4,0,,200.0,0,0
3207,1791,SLV,2,0,,180.0,0,0
3208,1790,SLV,4,0,,600.0,0,0
3209,1789,SLV,7,0,,180.0,0,0
3210,1788,SLV,4,1,,25.0,0,0
3211,1787,SLV,3,0,,100.0,0,0
3212,1786,SLV,5,1,25.0,400.0,0,0
3213,1785,SLV,3,0,,250.0,0,0
3214,1784,SLV,2,1,,300.0,0,1
3215,1783,SLV,1,1,,30.0,0,0
3216,1782,SLV,5,1,,50.0,0,0
3218,1780,SLV,5,0,,14.0,0,0
3220,1778,SLV,2,1,20.0,200.0,0,0
3221,1777,SLV,3,0,,3000.0,0,1
3222,1776,SLV,2,1,40.0,30.0,0,0
3223,1775,SLV,6,1,100.0,500.0,0,1
3225,1773,SLV,2,0,,35.0,0,0
3226,1772,SLV,5,1,,127.0,0,0
3227,1771,SLV,5,0,,200.0,0,1
3228,1770,SLV,3,0,,25.0,0,0
3229,1769,SLV,3,0,,80.0,0,0
3231,1767,SLV,4,1,,200.0,0,0
3232,1766,SLV,4,1,,200.0,0,0
3233,1765,SLV,3,0,,62.0,0,0
3234,1764,SLV,5,0,,550.0,0,1
3235,1763,SLV,3,1,100.0,1000.0,0,0
3236,1762,SLV,4,1,,50.0,0,0
3237,1761,SLV,4,0,,100.0,0,0
3238,1760,SLV,4,1,50.0,20.0,0,0
3239,1759,SLV,3,0,,50.0,0,0
3240,1758,SLV,4,0,,18.0,0,0
3245,1753,SLV,4,0,,20.0,0,0
3246,1752,SLV,5,0,,30.0,0,0
3248,1750,SLV,2,0,,50.0,0,1
3249,1749,SLV,3,1,,200.0,0,1
3250,1748,SLV,3,0,,30.0,0,1
3251,1747,SLV,5,0,,100.0,0,1
3252,1746,SLV,4,0,,20.0,0,1
3253,1745,SLV,1,0,,12.0,0,1
3263,1735,SLV,4,1,20.0,500.0,0,1
3269,1729,SLV,3,0,,1200.0,0,0
3270,1728,SLV,3,0,,60.0,0,1
3274,1724,SLV,6,1,,175.0,0,0
3275,1723,SLV,3,0,,40.0,0,0
3276,1722,SLV,2,0,,50.0,0,0
3277,1721,SLV,3,0,,400.0,0,0
3279,1719,SLV,5,1,,36.0,0,0
3280,1718,SLV,7,0,,30.0,0,1
3281,1717,SLV,4,1,20.0,50.0,0,0
3282,1716,SLV,4,1,,300.0,0,0
3283,1715,SLV,4,0,,400.0,0,0
3288,1710,SLV,6,0,,10.0,0,0
3289,1709,SLV,3,1,,50.0,0,0
3290,1708,SLV,3,0,,42.0,0,0
3291,1707,SLV,8,1,20.0,30.0,0,0
3292,1706,SLV,5,1,,300.0,0,0
3295,1703,SLV,6,0,,100.0,0,1
3296,1702,SLV,4,0,,40.0,0,0
3297,1701,SLV,6,0,,550.0,0,0
3298,1700,SLV,3,0,,20.0,0,0
3299,1699,SLV,4,0,,300.0,0,0
3300,1698,SLV,5,0,,500.0,0,0
3301,1697,SLV,4,0,,50.0,0,0
3474,1524,SLV,3,0,,300.0,0,0
3475,1523,SLV,6,0,,50.0,0,0
3476,1522,SLV,2,0,,40.0,0,0
3477,1521,SLV,3,1,,50.0,0,0
3478,1520,SLV,3,0,,70.0,0,0
3479,1519,SLV,6,0,,80.0,0,0
3481,1517,SLV,5,0,,150.0,0,0
3484,1514,SLV,2,0,,50.0,0,0
3485,1513,SLV,5,0,,137.0,0,0
3487,1511,SLV,2,1,,400.0,0,0
3488,1510,SLV,6,0,,300.0,0,0
3494,1504,SLV,9,1,25.0,400.0,0,1
3495,1503,SLV,4,0,,30.0,0,0
3498,1500,SLV,3,0,,100.0,0,0
3499,1499,SLV,5,1,,25.0,0,0
3500,1498,SLV,5,1,,50.0,0,0
3501,1497,SLV,4,1,,60.0,0,0
3502,1496,SLV,3,1,,160.0,0,0
3503,1495,SLV,4,1,,50.0,0,0
3509,1489,SLV,2,1,,40.0,0,0
3510,1488,SLV,6,0,,100.0,0,0
3517,1481,SLV,5,1,,1100.0,0,0
3518,1480,SLV,6,0,,600.0,0,0
3519,1479,SLV,3,1,50.0,600.0,0,0
3520,1478,SLV,5,1,40.0,121.0,0,0
3521,1477,SLV,6,1,,150.0,0,0
3522,1476,SLV,1,1,,600.0,0,1
3523,1475,SLV,5,0,,500.0,0,0
3525,1473,SLV,4,0,,800.0,0,1
3526,1472,SLV,6,0,,20.0,0,0
3527,1471,SLV,2,0,,2500.0,0,0
3528,1470,SLV,3,1,,100.0,0,0
3532,1466,SLV,4,0,,75.0,0,1
3533,1465,SLV,3,0,,40.0,0,0
3539,1459,SLV,2,1,,60.0,0,0
3540,1458,SLV,4,1,,400.0,0,0
3541,1457,SLV,2,0,,120.0,0,0
3543,1455,SLV,2,0,,52.0,0,1
3544,1454,SLV,6,1,25.0,1000.0,0,1
3547,1451,SLV,6,1,50.0,60.0,0,0
3548,1450,SLV,4,1,,2500.0,0,0
3550,1448,SLV,4,1,,35.0,0,0
3552,1446,SLV,4,0,,0.05043,0,0
3554,1444,SLV,3,1,,30.0,0,1
3555,1443,SLV,3,1,100.0,150.0,0,0
3556,1442,SLV,2,0,,100.0,0,1
3557,1441,SLV,3,0,,60.0,0,0
3558,1440,SLV,4,0,,15.0,0,0
3560,1438,SLV,4,0,,30.0,0,0
3561,1437,SLV,6,1,100.0,600.0,0,0
3562,1436,SLV,2,0,,200.0,0,0
3563,1435,SLV,4,1,100.0,400.0,0,0
3565,1433,SLV,3,0,,100.0,0,0
3566,1432,SLV,5,0,,50.0,0,0
3567,1431,SLV,6,1,,35.0,0,0
3569,1429,SLV,2,0,,72.0,0,1
3570,1428,SLV,6,1,,300.0,0,1
3572,1426,SLV,6,0,,150.0,0,0
3573,1425,SLV,4,0,,157.0,0,0
3574,1424,SLV,4,1,,30.0,0,1
3575,1423,SLV,3,0,,150.0,0,0
3576,1422,SLV,3,0,,350.0,0,0
3577,1421,SLV,3,1,,100.0,0,0
3578,1420,SLV,2,1,,300.0,0,1
3579,1419,SLV,3,0,,200.0,0,0
3580,1418,SLV,4,1,20.0,200.0,0,1
3581,1417,SLV,3,1,,200.0,0,1
3582,1416,SLV,3,0,,200.0,0,0
3583,1415,SLV,4,0,,10.0,0,0
3585,1413,SLV,2,0,,220.0,0,1
3586,1412,SLV,11,1,,200.0,0,0
3587,1411,SLV,3,1,50.0,400.0,0,1
3588,1410,SLV,4,0,,100.0,0,0
3589,1409,SLV,2,1,,120.0,0,0
3590,1408,SLV,3,1,80.0,300.0,0,0
3591,1407,SLV,5,1,,500.0,0,0
3592,1406,SLV,4,0,,800.0,0,0
3593,1405,SLV,3,0,,80.0,0,0
3595,1403,SLV,5,0,,30.0,0,1
3596,1402,SLV,4,1,,36.0,0,0
3597,1401,SLV,2,0,,200.0,0,1
3598,1400,SLV,4,1,,500.0,0,0
3599,1399,SLV,2,0,,360.0,0,0
3600,1398,SLV,9,1,,80.0,0,0
3601,1397,SLV,18,1,100.0,500.0,0,0
3602,1396,SLV,2,0,,300.0,0,0
3603,1395,SLV,6,0,,50.0,0,0
3604,1394,SLV,5,1,50.0,10.0,0,1
3605,1393,SLV,6,0,,50.0,0,1
3606,1392,SLV,4,1,,40.0,0,0
3607,1391,SLV,1,1,40.0,150.0,0,1
3609,1389,SLV,3,1,100.0,400.0,0,1
3610,1388,SLV,2,1,80.0,240.0,0,1
3611,1387,SLV,2,0,,20.0,0,0
3613,1385,SLV,3,1,50.0,300.0,0,1
3614,1384,SLV,2,0,,75.0,0,0
3616,1382,SLV,7,0,,10.0,0,0
3617,1381,SLV,7,1,50.0,150.0,0,0
3618,1380,SLV,5,1,,250.0,0,0
3619,1379,SLV,3,0,,100.0,0,0
3620,1378,SLV,6,1,15.0,250.0,0,0
3621,1377,SLV,5,1,,20.0,0,0
3622,1376,SLV,3,1,100.0,180.0,0,0
3623,1375,SLV,2,1,20.0,100.0,0,0
3624,1374,SLV,5,0,,50.0,0,0
3625,1373,SLV,6,0,,600.0,0,0
3626,1372,SLV,2,1,50.0,300.0,0,0
3627,1371,SLV,4,1,,10.0,0,1
3629,1369,SLV,1,1,20.0,500.0,0,0
3630,1368,SLV,4,1,,500.0,0,0
3631,1367,SLV,3,1,100.0,400.0,0,0
3632,1366,SLV,0,0,,4.0,0,0
3633,1365,SLV,3,0,,25.0,0,0
3634,1364,SLV,4,1,30.0,100.0,0,1
3635,1363,SLV,3,1,75.0,1000.0,0,0
3636,1362,SLV,5,0,,25.0,0,0
3637,1361,SLV,4,0,,100.0,0,0
3640,1358,SLV,6,1,75.0,200.0,0,1
3641,1357,SLV,3,1,100.0,500.0,0,0
3642,1356,SLV,3,0,,60.0,0,0
3643,1355,SLV,2,0,,25.0,0,0
3644,1354,SLV,3,0,,60.0,0,0
3645,1353,SLV,2,1,,180.0,0,0
3646,1352,SLV,4,1,,97.0,0,0
3649,1349,SLV,4,0,,45.0,0,0
3651,1347,SLV,2,1,100.0,600.0,0,0
3652,1346,SLV,1,1,10.0,1000.0,0,1
3653,1345,SLV,0,1,,10.0,0,0
3654,1344,SLV,4,1,,50.0,0,0
3655,1343,SLV,5,0,,100.0,0,0
3657,1341,SLV,10,1,10.0,300.0,0,0
3658,1340,SLV,11,0,,10.0,0,0
3659,1339,SLV,7,0,,100.0,0,0
3660,1338,SLV,7,0,,40.0,0,0
3661,1337,SLV,0,0,,50.0,0,0
3663,1335,SLV,3,1,,150.0,0,0
3664,1334,SLV,5,0,,165.0,0,0
3666,1332,SLV,6,1,,150.0,0,0
3667,1331,SLV,2,1,,50.0,0,1
3668,1330,SLV,2,0,,360.0,0,0
3669,1329,SLV,5,1,25.0,300.0,0,1
3670,1328,SLV,2,1,,2000.0,0,0
3671,1327,SLV,4,1,10.0,100.0,0,0
3672,1326,SLV,5,1,20.0,25.0,0,1
3674,1324,SLV,4,0,,10.0,0,1
3676,1322,SLV,4,1,100.0,70.0,0,0
3677,1321,SLV,3,0,,10.0,0,0
3679,1319,SLV,6,0,,300.0,0,0
3680,1318,SLV,2,0,,30.0,0,0
3681,1317,SLV,3,1,20.0,300.0,0,0
3843,1155,SLV,8,1,80.0,130.0,0,0
3844,1154,SLV,5,0,,200.0,0,0
3845,1153,SLV,3,0,,175.0,0,0
3846,1152,SLV,4,1,100.0,600.0,0,0
3849,1149,SLV,1,1,,100.0,0,0
3850,1148,SLV,3,1,15.0,400.0,0,0
3853,1145,SLV,5,1,100.0,3600.0,0,0
3855,1143,SLV,5,0,,180.0,0,0
3856,1142,SLV,1,0,,300.0,0,0
3859,1139,SLV,3,0,,50.0,0,0
3860,1138,SLV,3,0,,15.0,0,0
3861,1137,SLV,5,0,,100.0,0,0
3862,1136,SLV,4,0,,40.0,0,1
3863,1135,SLV,3,0,,100.0,0,1
3864,1134,SLV,3,0,,150.0,0,0
3865,1133,SLV,4,1,,250.0,0,1
3866,1132,SLV,3,0,,300.0,0,0
3867,1131,SLV,4,1,,200.0,0,0
3897,1101,SLV,6,1,20.0,660.0,0,1
3900,1098,SLV,4,1,15.0,500.0,0,1
3901,1097,SLV,5,1,,400.0,0,0
3902,1096,SLV,7,1,,6.0,0,0
3903,1095,SLV,7,1,10.0,150.0,0,1
3904,1094,SLV,2,1,,90.0,0,0
3905,1093,SLV,4,1,50.0,80.0,0,0
3907,1091,SLV,4,1,25.0,250.0,0,0
3908,1090,SLV,6,1,,30.0,0,0
3910,1088,SLV,4,0,,25.0,0,0
3912,1086,SLV,4,1,,30.0,0,1
3915,1083,SLV,3,1,,200.0,0,0
3916,1082,SLV,4,0,,100.0,0,0
3918,1080,SLV,4,0,,50.0,0,0
3919,1079,SLV,3,1,30.0,100.0,0,0
3920,1078,SLV,4,1,30.0,250.0,0,0
3922,1076,SLV,5,0,,700.0,0,0
3923,1075,SLV,7,0,,25.0,0,0
3924,1074,SLV,3,0,,200.0,0,0
3926,1072,SLV,3,1,,0.1681,0,0
3927,1071,SLV,5,0,,90.0,0,0
3928,1070,SLV,4,1,,150.0,0,0
3929,1069,SLV,2,0,,30.0,0,0
3930,1068,SLV,1,0,,900.0,0,0
3931,1067,SLV,4,1,,400.0,0,0
3932,1066,SLV,6,1,,180.0,0,0
3933,1065,SLV,3,1,50.0,200.0,0,0
3935,1063,SLV,8,1,20.0,180.0,0,0
3937,1061,SLV,18,1,,75.0,0,0
3938,1060,SLV,1,0,,10.0,0,0
3940,1058,SLV,10,1,25.0,300.0,0,1
3941,1057,SLV,3,0,,20.0,0,0
3942,1056,SLV,3,0,,20.0,0,0
3943,1055,SLV,4,0,,10.0,0,0
3944,1054,SLV,5,0,,40.0,0,1
3945,1053,SLV,3,1,,90.0,0,0
3947,1051,SLV,5,0,,600.0,0,1
3948,1050,SLV,5,0,,300.0,0,0
3949,1049,SLV,8,1,,3000.0,0,0
3951,1047,SLV,8,1,,800.0,0,0
3952,1046,SLV,5,1,,600.0,0,0
3953,1045,SLV,5,0,,700.0,0,1
3954,1044,SLV,2,0,,60.0,0,0
3955,1043,SLV,4,1,30.0,300.0,0,1
3956,1042,SLV,5,1,50.0,200.0,0,1
3957,1041,SLV,5,0,,30.0,1,1
3959,1039,SLV,5,1,,100.0,0,0
3960,1038,SLV,6,1,,60.0,0,0
3961,1037,SLV,6,1,100.0,1600.0,0,1
3962,1036,SLV,6,0,,700.0,0,0
3964,1034,SLV,3,0,,300.0,0,0
3965,1033,SLV,3,0,,84.0,0,0
3966,1032,SLV,6,0,,180.0,0,1
3967,1031,SLV,5,1,50.0,180.0,0,1
3968,1030,SLV,4,1,,60.0,0,1
3969,1029,SLV,3,0,,200.0,0,0
3970,1028,SLV,5,1,,200.0,0,1
3971,1027,SLV,7,0,,25.0,0,1
3973,1025,SLV,4,0,,600.0,0,0
3975,1023,SLV,1,1,,325.0,0,0
3976,1022,SLV,2,0,,240.0,0,0
3977,1021,SLV,2,1,40.0,30.0,0,0
3987,1011,SLV,7,0,,50.0,0,0
3989,1009,SLV,5,1,,300.0,0,0
3990,1008,SLV,2,1,,40.0,0,1
3991,1007,SLV,5,1,40.0,300.0,0,0
3992,1006,SLV,5,0,,60.0,0,0
3993,1005,SLV,2,1,70.0,200.0,0,1
3994,1004,SLV,3,0,,1500.0,0,1
3995,1003,SLV,4,1,20.0,600.0,0,1
3996,1002,SLV,4,0,,300.0,0,1
3997,1001,SLV,7,0,,40.0,0,0
4000,998,SLV,8,1,,5.0,0,0
4001,997,SLV,6,1,30.0,400.0,0,0
4002,996,SLV,5,1,,400.0,0,0
4003,995,SLV,4,1,10.0,200.0,0,0
4004,994,SLV,6,1,10.0,600.0,0,1
4005,993,SLV,2,1,,300.0,0,1
4006,992,SLV,2,1,,10.0,0,0
4007,991,SLV,4,1,,2.0,0,0
4008,990,SLV,2,0,,200.0,0,0
4009,989,SLV,5,0,,20.0,0,0
4010,988,SLV,2,0,,25.0,0,0
4011,987,SLV,8,1,,200.0,0,0
4012,986,SLV,6,0,,45.0,0,0
4013,985,SLV,5,1,,60.0,0,0
4014,984,SLV,6,1,,250.0,0,0
4016,982,SLV,5,0,,100.0,0,0
4017,981,SLV,5,0,,300.0,0,0
4018,980,SLV,2,1,50.0,300.0,0,0
4019,979,SLV,3,0,,90.0,0,0
4020,978,SLV,4,0,,70.0,0,0
4022,976,SLV,5,0,,300.0,0,0
4023,975,SLV,12,0,,100.0,0,0
4025,973,SLV,0,1,,250.0,0,0
4026,972,SLV,5,0,,500.0,0,1
4028,970,SLV,5,0,,50.0,0,0
4029,969,SLV,5,1,,100.0,0,0
4031,967,SLV,3,1,,3.0,0,0
4033,965,SLV,5,0,,100.0,0,0
4035,963,SLV,7,0,,10.0,0,0
4036,962,SLV,4,0,,40.0,0,0
4037,961,SLV,4,1,,15.0,0,0
4058,940,SLV,3,0,,50.0,0,0
4207,791,SLV,3,1,25.0,25.0,0,0
4959,39,SLV,6,0,,500.0,0,0
4960,38,SLV,7,1,,20.0,0,0
4961,37,SLV,2,0,,150.0,0,0
4962,36,SLV,3,1,100.0,1200.0,0,0
4963,35,SLV,4,1,25.0,40.0,0,0
4964,34,SLV,4,0,,450.0,0,0
4967,31,SLV,3,1,,20.0,0,0
